main.pdf,2023-08-27T02:00:00,10012
main.pdf,2023-08-27T02:01:00,10012
main.pdf,2023-08-27T02:02:00,10012
main.pdf,2023-08-27T02:02:00,10012
main.pdf,2023-08-27T18:03:00,10111
main.pdf,2023-08-27T18:43:00,10111
main.pdf,2023-08-27T18:45:00,11083
main.pdf,2023-08-27T20:15:00,11043
main.pdf,2023-08-28T01:12:00,11043
main.pdf,2023-08-28T02:06:00,11484
main.pdf,2023-08-28T13:35:00,11484
main.pdf,2023-08-28T16:04:00,11682
main.pdf,2023-08-28T19:14:00,11682
main.pdf,2023-08-28T22:43:00,13440
main.pdf,2023-08-28T22:44:00,13410
main.pdf,2023-08-28T22:59:00,13410
